trial_num,static_x,static_y,static_z,dynamic_x,dynamic_y,dynamic_z,static_col,dynamic_col,dwell,overlap
1,0.312,0.5,0,0.5,0.5,1,G,G,4000,-200
2,0.393,0.5,0.5,0.5,0.5,1,G,G,4000,-200
3,0.474,0.5,1,0.5,0.5,1,G,G,4000,-200
4,0.482,0.518,1,0.5,0.5,1,G,G,4000,-200
5,0.424,0.576,0.5,0.5,0.5,1,G,G,4000,-200
6,0.367,0.633,0,0.5,0.5,1,G,G,4000,-200
7,0.312,0.5,0,0.5,0.5,1,G,G,4000,-200
8,0.393,0.5,0.5,0.5,0.5,1,G,G,4000,-200
9,0.474,0.5,1,0.5,0.5,1,G,G,4000,-200
10,0.482,0.518,1,0.5,0.5,1,G,G,4000,-200
11,0.424,0.576,0.5,0.5,0.5,1,G,G,4000,-200
12,0.367,0.633,0,0.5,0.5,1,G,G,4000,-200
13,0.312,0.5,0,0.5,0.5,1,G,G,4000,-200
14,0.393,0.5,0.5,0.5,0.5,1,G,G,4000,-200
15,0.474,0.5,1,0.5,0.5,1,G,G,4000,-200
16,0.482,0.518,1,0.5,0.5,1,G,G,4000,-200
17,0.424,0.576,0.5,0.5,0.5,1,G,G,4000,-200
18,0.367,0.633,0,0.5,0.5,1,G,G,4000,-200
end
